_id,grupo,rtc_nodo,nodos,rtc_server
649e3f5570dfef200f77338c,grupo_001,[object Object],"[object Object],[object Object]",[object Object]
649e3f5670dfef200f77338d,grupo_001,[object Object],"[object Object],[object Object]",[object Object]
649e3f5770dfef200f77338e,grupo_001,[object Object],"[object Object],[object Object]",[object Object]
649e3f5870dfef200f77338f,grupo_001,[object Object],"[object Object],[object Object]",[object Object]
649e3f5970dfef200f773390,grupo_001,[object Object],"[object Object],[object Object]",[object Object]
649e3f5a70dfef200f773391,grupo_001,[object Object],"[object Object],[object Object]",[object Object]
649e3f5b70dfef200f773392,grupo_001,[object Object],"[object Object],[object Object]",[object Object]
649e3f5c70dfef200f773393,grupo_001,[object Object],"[object Object],[object Object]",[object Object]
649e3f5d70dfef200f773394,grupo_001,[object Object],"[object Object],[object Object]",[object Object]
649e3f5e70dfef200f773395,grupo_001,[object Object],"[object Object],[object Object]",[object Object]
649e3f5f70dfef200f773396,grupo_001,[object Object],"[object Object],[object Object]",[object Object]
649e3f6070dfef200f773397,grupo_001,[object Object],"[object Object],[object Object]",[object Object]
649e3f6170dfef200f773398,grupo_001,[object Object],"[object Object],[object Object]",[object Object]
649e3f6270dfef200f773399,grupo_001,[object Object],"[object Object],[object Object]",[object Object]
649e3f6370dfef200f77339a,grupo_001,[object Object],"[object Object],[object Object]",[object Object]
649e3f6470dfef200f77339b,grupo_001,[object Object],"[object Object],[object Object]",[object Object]
649e3f6570dfef200f77339c,grupo_001,[object Object],"[object Object],[object Object]",[object Object]
649e3f6670dfef200f77339d,grupo_001,[object Object],"[object Object],[object Object]",[object Object]
649e3f6770dfef200f77339e,grupo_001,[object Object],"[object Object],[object Object]",[object Object]
649e3f6870dfef200f77339f,grupo_001,[object Object],"[object Object],[object Object]",[object Object]
649e3f6970dfef200f7733a0,grupo_001,[object Object],"[object Object],[object Object]",[object Object]
649e3f6a70dfef200f7733a1,grupo_001,[object Object],"[object Object],[object Object]",[object Object]
649e3f6b70dfef200f7733a2,grupo_001,[object Object],"[object Object],[object Object]",[object Object]
649e3f6c70dfef200f7733a3,grupo_001,[object Object],"[object Object],[object Object]",[object Object]
649e3f6d70dfef200f7733a4,grupo_001,[object Object],"[object Object],[object Object]",[object Object]
649e3f6e70dfef200f7733a5,grupo_001,[object Object],"[object Object],[object Object]",[object Object]
649e3f6f70dfef200f7733a6,grupo_001,[object Object],"[object Object],[object Object]",[object Object]
649e3f7070dfef200f7733a7,grupo_001,[object Object],"[object Object],[object Object]",[object Object]
649e3f7170dfef200f7733a8,grupo_001,[object Object],"[object Object],[object Object]",[object Object]
649e3f7270dfef200f7733a9,grupo_001,[object Object],"[object Object],[object Object]",[object Object]
649e3f7370dfef200f7733aa,grupo_001,[object Object],"[object Object],[object Object]",[object Object]
649e3f7470dfef200f7733ab,grupo_001,[object Object],"[object Object],[object Object]",[object Object]
649e3f7570dfef200f7733ac,grupo_001,[object Object],"[object Object],[object Object]",[object Object]
649e3f7670dfef200f7733ad,grupo_001,[object Object],"[object Object],[object Object]",[object Object]
649e3f7770dfef200f7733ae,grupo_001,[object Object],"[object Object],[object Object]",[object Object]
649e3f7870dfef200f7733af,grupo_001,[object Object],"[object Object],[object Object]",[object Object]
649e3f7970dfef200f7733b0,grupo_001,[object Object],"[object Object],[object Object]",[object Object]
649e3f7a70dfef200f7733b1,grupo_001,[object Object],"[object Object],[object Object]",[object Object]
649e3f7b70dfef200f7733b2,grupo_001,[object Object],"[object Object],[object Object]",[object Object]
649e3f7c70dfef200f7733b3,grupo_001,[object Object],"[object Object],[object Object]",[object Object]
649e3f7d70dfef200f7733b4,grupo_001,[object Object],"[object Object],[object Object]",[object Object]
649e3f7e70dfef200f7733b5,grupo_001,[object Object],"[object Object],[object Object]",[object Object]
649e3f7f70dfef200f7733b6,grupo_001,[object Object],"[object Object],[object Object]",[object Object]
649e3f8070dfef200f7733b7,grupo_001,[object Object],"[object Object],[object Object]",[object Object]
649e3f8170dfef200f7733b8,grupo_001,[object Object],"[object Object],[object Object]",[object Object]
649e3f8270dfef200f7733b9,grupo_001,[object Object],"[object Object],[object Object]",[object Object]
649e3f8370dfef200f7733ba,grupo_001,[object Object],"[object Object],[object Object]",[object Object]
649e3f8470dfef200f7733bb,grupo_001,[object Object],"[object Object],[object Object]",[object Object]
649e3f8570dfef200f7733bc,grupo_001,[object Object],"[object Object],[object Object]",[object Object]
649e3f8670dfef200f7733bd,grupo_001,[object Object],"[object Object],[object Object]",[object Object]
649e3f8770dfef200f7733be,grupo_001,[object Object],"[object Object],[object Object]",[object Object]
649e3f8870dfef200f7733bf,grupo_001,[object Object],"[object Object],[object Object]",[object Object]
649e3f8970dfef200f7733c0,grupo_001,[object Object],"[object Object],[object Object]",[object Object]
649e3f8a70dfef200f7733c1,grupo_001,[object Object],"[object Object],[object Object]",[object Object]
649e3f8b70dfef200f7733c2,grupo_001,[object Object],"[object Object],[object Object]",[object Object]
649e3f8c70dfef200f7733c3,grupo_001,[object Object],"[object Object],[object Object]",[object Object]
649e3f8d70dfef200f7733c4,grupo_001,[object Object],"[object Object],[object Object]",[object Object]
649e3f8e70dfef200f7733c5,grupo_001,[object Object],"[object Object],[object Object]",[object Object]
649e3f8f70dfef200f7733c6,grupo_001,[object Object],"[object Object],[object Object]",[object Object]
649e3f9070dfef200f7733c7,grupo_001,[object Object],"[object Object],[object Object]",[object Object]
649e3f9170dfef200f7733c8,grupo_001,[object Object],"[object Object],[object Object]",[object Object]
649e3f9270dfef200f7733c9,grupo_001,[object Object],"[object Object],[object Object]",[object Object]
649e3f9370dfef200f7733ca,grupo_001,[object Object],"[object Object],[object Object]",[object Object]
649e3f9470dfef200f7733cb,grupo_001,[object Object],"[object Object],[object Object]",[object Object]
649e3f9570dfef200f7733cc,grupo_001,[object Object],"[object Object],[object Object]",[object Object]
649e3f9670dfef200f7733cd,grupo_001,[object Object],"[object Object],[object Object]",[object Object]
649e3f9770dfef200f7733ce,grupo_001,[object Object],"[object Object],[object Object]",[object Object]
649e3f9870dfef200f7733cf,grupo_001,[object Object],"[object Object],[object Object]",[object Object]
649e3f9970dfef200f7733d0,grupo_001,[object Object],"[object Object],[object Object]",[object Object]
649e3f9a70dfef200f7733d1,grupo_001,[object Object],"[object Object],[object Object]",[object Object]
649e3f9b70dfef200f7733d2,grupo_001,[object Object],"[object Object],[object Object]",[object Object]
649e3f9c70dfef200f7733d3,grupo_001,[object Object],"[object Object],[object Object]",[object Object]
649e3f9d70dfef200f7733d4,grupo_001,[object Object],"[object Object],[object Object]",[object Object]
649e3f9e70dfef200f7733d5,grupo_001,[object Object],"[object Object],[object Object]",[object Object]
649e3f9f70dfef200f7733d6,grupo_001,[object Object],"[object Object],[object Object]",[object Object]
649e3fa070dfef200f7733d7,grupo_001,[object Object],"[object Object],[object Object]",[object Object]
649e3fa170dfef200f7733d8,grupo_001,[object Object],"[object Object],[object Object]",[object Object]
649e3fa270dfef200f7733d9,grupo_001,[object Object],"[object Object],[object Object]",[object Object]
649e3fa370dfef200f7733da,grupo_001,[object Object],"[object Object],[object Object]",[object Object]
649e3fa470dfef200f7733db,grupo_001,[object Object],"[object Object],[object Object]",[object Object]
649e3fa570dfef200f7733dc,grupo_001,[object Object],"[object Object],[object Object]",[object Object]
649e3fa670dfef200f7733dd,grupo_001,[object Object],"[object Object],[object Object]",[object Object]
649e3fa770dfef200f7733de,grupo_001,[object Object],"[object Object],[object Object]",[object Object]
649e3fa870dfef200f7733df,grupo_001,[object Object],"[object Object],[object Object]",[object Object]
649e3fa970dfef200f7733e0,grupo_001,[object Object],"[object Object],[object Object]",[object Object]
649e3faa70dfef200f7733e1,grupo_001,[object Object],"[object Object],[object Object]",[object Object]
649e3fab70dfef200f7733e2,grupo_001,[object Object],"[object Object],[object Object]",[object Object]
649e3fac70dfef200f7733e3,grupo_001,[object Object],"[object Object],[object Object]",[object Object]
649e3fad70dfef200f7733e4,grupo_001,[object Object],"[object Object],[object Object]",[object Object]
649e3fae70dfef200f7733e5,grupo_001,[object Object],"[object Object],[object Object]",[object Object]
649e3faf70dfef200f7733e6,grupo_001,[object Object],"[object Object],[object Object]",[object Object]
649e3fb070dfef200f7733e7,grupo_001,[object Object],"[object Object],[object Object]",[object Object]
649e3fb170dfef200f7733e8,grupo_001,[object Object],"[object Object],[object Object]",[object Object]
649e3fb270dfef200f7733e9,grupo_001,[object Object],"[object Object],[object Object]",[object Object]
649e3fb370dfef200f7733ea,grupo_001,[object Object],"[object Object],[object Object]",[object Object]
649e3fb470dfef200f7733eb,grupo_001,[object Object],"[object Object],[object Object]",[object Object]
649e3fb570dfef200f7733ec,grupo_001,[object Object],"[object Object],[object Object]",[object Object]
649e3fb670dfef200f7733ed,grupo_001,[object Object],"[object Object],[object Object]",[object Object]
649e3fb770dfef200f7733ee,grupo_001,[object Object],"[object Object],[object Object]",[object Object]
649e3fb870dfef200f7733ef,grupo_001,[object Object],"[object Object],[object Object]",[object Object]
649e3fb970dfef200f7733f0,grupo_001,[object Object],"[object Object],[object Object]",[object Object]
649e3fba70dfef200f7733f1,grupo_001,[object Object],"[object Object],[object Object]",[object Object]
649e3fbb70dfef200f7733f2,grupo_001,[object Object],"[object Object],[object Object]",[object Object]
649e3fbc70dfef200f7733f3,grupo_001,[object Object],"[object Object],[object Object]",[object Object]
649e3fbd70dfef200f7733f4,grupo_001,[object Object],"[object Object],[object Object]",[object Object]
649e3fbe70dfef200f7733f5,grupo_001,[object Object],"[object Object],[object Object]",[object Object]
649e3fbf70dfef200f7733f6,grupo_001,[object Object],"[object Object],[object Object]",[object Object]
649e3fc070dfef200f7733f7,grupo_001,[object Object],"[object Object],[object Object]",[object Object]
649e3fc170dfef200f7733f8,grupo_001,[object Object],"[object Object],[object Object]",[object Object]
649e3fc270dfef200f7733f9,grupo_001,[object Object],"[object Object],[object Object]",[object Object]
649e3fc370dfef200f7733fa,grupo_001,[object Object],"[object Object],[object Object]",[object Object]
649e3fc470dfef200f7733fb,grupo_001,[object Object],"[object Object],[object Object]",[object Object]
649e3fc570dfef200f7733fc,grupo_001,[object Object],"[object Object],[object Object]",[object Object]
649e3fc670dfef200f7733fd,grupo_001,[object Object],"[object Object],[object Object]",[object Object]
649e3fc770dfef200f7733fe,grupo_001,[object Object],"[object Object],[object Object]",[object Object]
649e3fc870dfef200f7733ff,grupo_001,[object Object],"[object Object],[object Object]",[object Object]
649e3fc970dfef200f773400,grupo_001,[object Object],"[object Object],[object Object]",[object Object]
649e3fca70dfef200f773401,grupo_001,[object Object],"[object Object],[object Object]",[object Object]
649e3fcb70dfef200f773402,grupo_001,[object Object],"[object Object],[object Object]",[object Object]
649e3fcc70dfef200f773403,grupo_001,[object Object],"[object Object],[object Object]",[object Object]
649e3fcd70dfef200f773404,grupo_001,[object Object],"[object Object],[object Object]",[object Object]
649e3fce70dfef200f773405,grupo_001,[object Object],"[object Object],[object Object]",[object Object]
649e3fcf70dfef200f773406,grupo_001,[object Object],"[object Object],[object Object]",[object Object]
649e3fd070dfef200f773407,grupo_001,[object Object],"[object Object],[object Object]",[object Object]
649e3fd170dfef200f773408,grupo_001,[object Object],"[object Object],[object Object]",[object Object]
649e3fd270dfef200f773409,grupo_001,[object Object],"[object Object],[object Object]",[object Object]
649e3fd370dfef200f77340a,grupo_001,[object Object],"[object Object],[object Object]",[object Object]
649e3fd470dfef200f77340b,grupo_001,[object Object],"[object Object],[object Object]",[object Object]
649e3fd570dfef200f77340c,grupo_001,[object Object],"[object Object],[object Object]",[object Object]
649e3fd670dfef200f77340d,grupo_001,[object Object],"[object Object],[object Object]",[object Object]
649e3fd770dfef200f77340e,grupo_001,[object Object],"[object Object],[object Object]",[object Object]
649e3fd870dfef200f77340f,grupo_001,[object Object],"[object Object],[object Object]",[object Object]
649e3fd970dfef200f773410,grupo_001,[object Object],"[object Object],[object Object]",[object Object]
649e3fda70dfef200f773411,grupo_001,[object Object],"[object Object],[object Object]",[object Object]
649e3fdb70dfef200f773412,grupo_001,[object Object],"[object Object],[object Object]",[object Object]
649e3fdc70dfef200f773413,grupo_001,[object Object],"[object Object],[object Object]",[object Object]
649e3fdd70dfef200f773414,grupo_001,[object Object],"[object Object],[object Object]",[object Object]
649e3fde70dfef200f773415,grupo_001,[object Object],"[object Object],[object Object]",[object Object]
649e3fdf70dfef200f773416,grupo_001,[object Object],"[object Object],[object Object]",[object Object]
649e3fe070dfef200f773417,grupo_001,[object Object],"[object Object],[object Object]",[object Object]
649e3fe170dfef200f773418,grupo_001,[object Object],"[object Object],[object Object]",[object Object]
649e3fe270dfef200f773419,grupo_001,[object Object],"[object Object],[object Object]",[object Object]
649e3fe370dfef200f77341a,grupo_001,[object Object],"[object Object],[object Object]",[object Object]
649e3fe470dfef200f77341b,grupo_001,[object Object],"[object Object],[object Object]",[object Object]
649e3fe570dfef200f77341c,grupo_001,[object Object],"[object Object],[object Object]",[object Object]
649e3fe670dfef200f77341d,grupo_001,[object Object],"[object Object],[object Object]",[object Object]
649e3fe770dfef200f77341e,grupo_001,[object Object],"[object Object],[object Object]",[object Object]
649e3fe870dfef200f77341f,grupo_001,[object Object],"[object Object],[object Object]",[object Object]
649e3fe970dfef200f773420,grupo_001,[object Object],"[object Object],[object Object]",[object Object]
649e3fea70dfef200f773421,grupo_001,[object Object],"[object Object],[object Object]",[object Object]
649e3feb70dfef200f773422,grupo_001,[object Object],"[object Object],[object Object]",[object Object]
649e400070dfef200f773423,grupo_001,[object Object],"[object Object],[object Object]",[object Object]
649e400170dfef200f773424,grupo_001,[object Object],"[object Object],[object Object]",[object Object]
649e400270dfef200f773425,grupo_001,[object Object],"[object Object],[object Object]",[object Object]
649e400370dfef200f773426,grupo_001,[object Object],"[object Object],[object Object]",[object Object]
649e400470dfef200f773427,grupo_001,[object Object],"[object Object],[object Object]",[object Object]
649e400570dfef200f773428,grupo_001,[object Object],"[object Object],[object Object]",[object Object]
649e400670dfef200f773429,grupo_001,[object Object],"[object Object],[object Object]",[object Object]
649e400770dfef200f77342a,grupo_001,[object Object],"[object Object],[object Object]",[object Object]
649e400870dfef200f77342b,grupo_001,[object Object],"[object Object],[object Object]",[object Object]
649e400970dfef200f77342c,grupo_001,[object Object],"[object Object],[object Object]",[object Object]
649e400a70dfef200f77342d,grupo_001,[object Object],"[object Object],[object Object]",[object Object]
649e400b70dfef200f77342e,grupo_001,[object Object],"[object Object],[object Object]",[object Object]
649e400c70dfef200f77342f,grupo_001,[object Object],"[object Object],[object Object]",[object Object]
649e400d70dfef200f773430,grupo_001,[object Object],"[object Object],[object Object]",[object Object]
649e400e70dfef200f773431,grupo_001,[object Object],"[object Object],[object Object]",[object Object]
649e400f70dfef200f773432,grupo_001,[object Object],"[object Object],[object Object]",[object Object]
649e401070dfef200f773433,grupo_001,[object Object],"[object Object],[object Object]",[object Object]
649e401170dfef200f773434,grupo_001,[object Object],"[object Object],[object Object]",[object Object]
649e401270dfef200f773435,grupo_001,[object Object],"[object Object],[object Object]",[object Object]
649e401370dfef200f773436,grupo_001,[object Object],"[object Object],[object Object]",[object Object]
649e401470dfef200f773437,grupo_001,[object Object],"[object Object],[object Object]",[object Object]
649e401570dfef200f773438,grupo_001,[object Object],"[object Object],[object Object]",[object Object]
649e401670dfef200f773439,grupo_001,[object Object],"[object Object],[object Object]",[object Object]
649e401770dfef200f77343a,grupo_001,[object Object],"[object Object],[object Object]",[object Object]
649e401870dfef200f77343b,grupo_001,[object Object],"[object Object],[object Object]",[object Object]
649e401970dfef200f77343c,grupo_001,[object Object],"[object Object],[object Object]",[object Object]
649e401a70dfef200f77343d,grupo_001,[object Object],"[object Object],[object Object]",[object Object]
649e401b70dfef200f77343e,grupo_001,[object Object],"[object Object],[object Object]",[object Object]
649e401c70dfef200f77343f,grupo_001,[object Object],"[object Object],[object Object]",[object Object]
649e401d70dfef200f773440,grupo_001,[object Object],"[object Object],[object Object]",[object Object]
649e401e70dfef200f773441,grupo_001,[object Object],"[object Object],[object Object]",[object Object]
649e401f70dfef200f773442,grupo_001,[object Object],"[object Object],[object Object]",[object Object]
649e402070dfef200f773443,grupo_001,[object Object],"[object Object],[object Object]",[object Object]
649e402170dfef200f773444,grupo_001,[object Object],"[object Object],[object Object]",[object Object]
649e402270dfef200f773445,grupo_001,[object Object],"[object Object],[object Object]",[object Object]
649e402370dfef200f773446,grupo_001,[object Object],"[object Object],[object Object]",[object Object]
649e402470dfef200f773447,grupo_001,[object Object],"[object Object],[object Object]",[object Object]
649e402570dfef200f773448,grupo_001,[object Object],"[object Object],[object Object]",[object Object]
649e402670dfef200f773449,grupo_001,[object Object],"[object Object],[object Object]",[object Object]
649e402770dfef200f77344a,grupo_001,[object Object],"[object Object],[object Object]",[object Object]
649e402870dfef200f77344b,grupo_001,[object Object],"[object Object],[object Object]",[object Object]
649e402970dfef200f77344c,grupo_001,[object Object],"[object Object],[object Object]",[object Object]
649e402a70dfef200f77344d,grupo_001,[object Object],"[object Object],[object Object]",[object Object]
649e402b70dfef200f77344e,grupo_001,[object Object],"[object Object],[object Object]",[object Object]
649e402c70dfef200f77344f,grupo_001,[object Object],"[object Object],[object Object]",[object Object]
649e402d70dfef200f773450,grupo_001,[object Object],"[object Object],[object Object]",[object Object]
649e402e70dfef200f773451,grupo_001,[object Object],"[object Object],[object Object]",[object Object]
649e402f70dfef200f773452,grupo_001,[object Object],"[object Object],[object Object]",[object Object]
649e403070dfef200f773453,grupo_001,[object Object],"[object Object],[object Object]",[object Object]
649e403170dfef200f773454,grupo_001,[object Object],"[object Object],[object Object]",[object Object]
649e403270dfef200f773455,grupo_001,[object Object],"[object Object],[object Object]",[object Object]
649e403370dfef200f773456,grupo_001,[object Object],"[object Object],[object Object]",[object Object]
649e403470dfef200f773457,grupo_001,[object Object],"[object Object],[object Object]",[object Object]
649e403570dfef200f773458,grupo_001,[object Object],"[object Object],[object Object]",[object Object]
649e403670dfef200f773459,grupo_001,[object Object],"[object Object],[object Object]",[object Object]
649e403770dfef200f77345a,grupo_001,[object Object],"[object Object],[object Object]",[object Object]
649e403870dfef200f77345b,grupo_001,[object Object],"[object Object],[object Object]",[object Object]
649e403970dfef200f77345c,grupo_001,[object Object],"[object Object],[object Object]",[object Object]
649e403a70dfef200f77345d,grupo_001,[object Object],"[object Object],[object Object]",[object Object]
649e403b70dfef200f77345e,grupo_001,[object Object],"[object Object],[object Object]",[object Object]
649e403c70dfef200f77345f,grupo_001,[object Object],"[object Object],[object Object]",[object Object]
649e403d70dfef200f773460,grupo_001,[object Object],"[object Object],[object Object]",[object Object]
649e403e70dfef200f773461,grupo_001,[object Object],"[object Object],[object Object]",[object Object]
649e403f70dfef200f773462,grupo_001,[object Object],"[object Object],[object Object]",[object Object]
649e404070dfef200f773463,grupo_001,[object Object],"[object Object],[object Object]",[object Object]
649e404170dfef200f773464,grupo_001,[object Object],"[object Object],[object Object]",[object Object]
649e404270dfef200f773465,grupo_001,[object Object],"[object Object],[object Object]",[object Object]
649e404370dfef200f773466,grupo_001,[object Object],"[object Object],[object Object]",[object Object]
649e404470dfef200f773467,grupo_001,[object Object],"[object Object],[object Object]",[object Object]
649e404570dfef200f773468,grupo_001,[object Object],"[object Object],[object Object]",[object Object]
649e404670dfef200f773469,grupo_001,[object Object],"[object Object],[object Object]",[object Object]
649e404770dfef200f77346a,grupo_001,[object Object],"[object Object],[object Object]",[object Object]
649e404870dfef200f77346b,grupo_001,[object Object],"[object Object],[object Object]",[object Object]
649e404970dfef200f77346c,grupo_001,[object Object],"[object Object],[object Object]",[object Object]
649e404a70dfef200f77346d,grupo_001,[object Object],"[object Object],[object Object]",[object Object]
649e404b70dfef200f77346e,grupo_001,[object Object],"[object Object],[object Object]",[object Object]
649e404c70dfef200f77346f,grupo_001,[object Object],"[object Object],[object Object]",[object Object]
649e404d70dfef200f773470,grupo_001,[object Object],"[object Object],[object Object]",[object Object]
649e404e70dfef200f773471,grupo_001,[object Object],"[object Object],[object Object]",[object Object]
649e404f70dfef200f773472,grupo_001,[object Object],"[object Object],[object Object]",[object Object]
649e405070dfef200f773473,grupo_001,[object Object],"[object Object],[object Object]",[object Object]
649e405170dfef200f773474,grupo_001,[object Object],"[object Object],[object Object]",[object Object]
649e405270dfef200f773475,grupo_001,[object Object],"[object Object],[object Object]",[object Object]
649e405370dfef200f773476,grupo_001,[object Object],"[object Object],[object Object]",[object Object]
649e405470dfef200f773477,grupo_001,[object Object],"[object Object],[object Object]",[object Object]
649e405570dfef200f773478,grupo_001,[object Object],"[object Object],[object Object]",[object Object]
649e405670dfef200f773479,grupo_001,[object Object],"[object Object],[object Object]",[object Object]
649e405770dfef200f77347a,grupo_001,[object Object],"[object Object],[object Object]",[object Object]
649e405870dfef200f77347b,grupo_001,[object Object],"[object Object],[object Object]",[object Object]
649e405970dfef200f77347c,grupo_001,[object Object],"[object Object],[object Object]",[object Object]
649e405a70dfef200f77347d,grupo_001,[object Object],"[object Object],[object Object]",[object Object]
649e405b70dfef200f77347e,grupo_001,[object Object],"[object Object],[object Object]",[object Object]
649e405c70dfef200f77347f,grupo_001,[object Object],"[object Object],[object Object]",[object Object]
649e405d70dfef200f773480,grupo_001,[object Object],"[object Object],[object Object]",[object Object]
649e405e70dfef200f773481,grupo_001,[object Object],"[object Object],[object Object]",[object Object]
649e405f70dfef200f773482,grupo_001,[object Object],"[object Object],[object Object]",[object Object]
649e406070dfef200f773483,grupo_001,[object Object],"[object Object],[object Object]",[object Object]
649e406170dfef200f773484,grupo_001,[object Object],"[object Object],[object Object]",[object Object]
649e406270dfef200f773485,grupo_001,[object Object],"[object Object],[object Object]",[object Object]
649e406370dfef200f773486,grupo_001,[object Object],"[object Object],[object Object]",[object Object]
649e406470dfef200f773487,grupo_001,[object Object],"[object Object],[object Object]",[object Object]
649e406570dfef200f773488,grupo_001,[object Object],"[object Object],[object Object]",[object Object]
649e406670dfef200f773489,grupo_001,[object Object],"[object Object],[object Object]",[object Object]
649e406770dfef200f77348a,grupo_001,[object Object],"[object Object],[object Object]",[object Object]
649e406870dfef200f77348b,grupo_001,[object Object],"[object Object],[object Object]",[object Object]
649e406970dfef200f77348c,grupo_001,[object Object],"[object Object],[object Object]",[object Object]
649e406a70dfef200f77348d,grupo_001,[object Object],"[object Object],[object Object]",[object Object]
649e406b70dfef200f77348e,grupo_001,[object Object],"[object Object],[object Object]",[object Object]
649e406c70dfef200f77348f,grupo_001,[object Object],"[object Object],[object Object]",[object Object]
649e406d70dfef200f773490,grupo_001,[object Object],"[object Object],[object Object]",[object Object]
649e406e70dfef200f773491,grupo_001,[object Object],"[object Object],[object Object]",[object Object]
649e406f70dfef200f773492,grupo_001,[object Object],"[object Object],[object Object]",[object Object]
649e407070dfef200f773493,grupo_001,[object Object],"[object Object],[object Object]",[object Object]
649e407170dfef200f773494,grupo_001,[object Object],"[object Object],[object Object]",[object Object]
649e407270dfef200f773495,grupo_001,[object Object],"[object Object],[object Object]",[object Object]
649e407370dfef200f773496,grupo_001,[object Object],"[object Object],[object Object]",[object Object]
649e407470dfef200f773497,grupo_001,[object Object],"[object Object],[object Object]",[object Object]
649e407570dfef200f773498,grupo_001,[object Object],"[object Object],[object Object]",[object Object]
649e407670dfef200f773499,grupo_001,[object Object],"[object Object],[object Object]",[object Object]
649e407770dfef200f77349a,grupo_001,[object Object],"[object Object],[object Object]",[object Object]
649e407870dfef200f77349b,grupo_001,[object Object],"[object Object],[object Object]",[object Object]
649e407970dfef200f77349c,grupo_001,[object Object],"[object Object],[object Object]",[object Object]
649e407a70dfef200f77349d,grupo_001,[object Object],"[object Object],[object Object]",[object Object]
649e407b70dfef200f77349e,grupo_001,[object Object],"[object Object],[object Object]",[object Object]
649e407c70dfef200f77349f,grupo_001,[object Object],"[object Object],[object Object]",[object Object]
649e407d70dfef200f7734a0,grupo_001,[object Object],"[object Object],[object Object]",[object Object]
649e407e70dfef200f7734a1,grupo_001,[object Object],"[object Object],[object Object]",[object Object]
649e407f70dfef200f7734a2,grupo_001,[object Object],"[object Object],[object Object]",[object Object]
649e408070dfef200f7734a3,grupo_001,[object Object],"[object Object],[object Object]",[object Object]
649e408170dfef200f7734a4,grupo_001,[object Object],"[object Object],[object Object]",[object Object]
649e408270dfef200f7734a5,grupo_001,[object Object],"[object Object],[object Object]",[object Object]
649e408370dfef200f7734a6,grupo_001,[object Object],"[object Object],[object Object]",[object Object]
649e408470dfef200f7734a7,grupo_001,[object Object],"[object Object],[object Object]",[object Object]
649e408570dfef200f7734a8,grupo_001,[object Object],"[object Object],[object Object]",[object Object]
649e408670dfef200f7734a9,grupo_001,[object Object],"[object Object],[object Object]",[object Object]
649e408770dfef200f7734aa,grupo_001,[object Object],"[object Object],[object Object]",[object Object]
649e408870dfef200f7734ab,grupo_001,[object Object],"[object Object],[object Object]",[object Object]
649e408970dfef200f7734ac,grupo_001,[object Object],"[object Object],[object Object]",[object Object]
649e408a70dfef200f7734ad,grupo_001,[object Object],"[object Object],[object Object]",[object Object]
649e408b70dfef200f7734ae,grupo_001,[object Object],"[object Object],[object Object]",[object Object]
649e408c70dfef200f7734af,grupo_001,[object Object],"[object Object],[object Object]",[object Object]
649e408d70dfef200f7734b0,grupo_001,[object Object],"[object Object],[object Object]",[object Object]
649e408e70dfef200f7734b1,grupo_001,[object Object],"[object Object],[object Object]",[object Object]
649e408f70dfef200f7734b2,grupo_001,[object Object],"[object Object],[object Object]",[object Object]
649e409070dfef200f7734b3,grupo_001,[object Object],"[object Object],[object Object]",[object Object]
649e409170dfef200f7734b4,grupo_001,[object Object],"[object Object],[object Object]",[object Object]
649e409270dfef200f7734b5,grupo_001,[object Object],"[object Object],[object Object]",[object Object]
649e409370dfef200f7734b6,grupo_001,[object Object],"[object Object],[object Object]",[object Object]
649e409470dfef200f7734b7,grupo_001,[object Object],"[object Object],[object Object]",[object Object]
649e409570dfef200f7734b8,grupo_001,[object Object],"[object Object],[object Object]",[object Object]
649e409670dfef200f7734b9,grupo_001,[object Object],"[object Object],[object Object]",[object Object]
649e409770dfef200f7734ba,grupo_001,[object Object],"[object Object],[object Object]",[object Object]
649e409870dfef200f7734bb,grupo_001,[object Object],"[object Object],[object Object]",[object Object]
649e409970dfef200f7734bc,grupo_001,[object Object],"[object Object],[object Object]",[object Object]
649e409a70dfef200f7734bd,grupo_001,[object Object],"[object Object],[object Object]",[object Object]
649e409b70dfef200f7734be,grupo_001,[object Object],"[object Object],[object Object]",[object Object]
649e409c70dfef200f7734bf,grupo_001,[object Object],"[object Object],[object Object]",[object Object]
649e409d70dfef200f7734c0,grupo_001,[object Object],"[object Object],[object Object]",[object Object]
649e409e70dfef200f7734c1,grupo_001,[object Object],"[object Object],[object Object]",[object Object]
649e409f70dfef200f7734c2,grupo_001,[object Object],"[object Object],[object Object]",[object Object]
649e40a070dfef200f7734c3,grupo_001,[object Object],"[object Object],[object Object]",[object Object]
649e40a170dfef200f7734c4,grupo_001,[object Object],"[object Object],[object Object]",[object Object]
649e40a270dfef200f7734c5,grupo_001,[object Object],"[object Object],[object Object]",[object Object]
649e40a370dfef200f7734c6,grupo_001,[object Object],"[object Object],[object Object]",[object Object]
649e40a470dfef200f7734c7,grupo_001,[object Object],"[object Object],[object Object]",[object Object]
649e40a570dfef200f7734c8,grupo_001,[object Object],"[object Object],[object Object]",[object Object]
649e40a670dfef200f7734c9,grupo_001,[object Object],"[object Object],[object Object]",[object Object]
649e40a770dfef200f7734ca,grupo_001,[object Object],"[object Object],[object Object]",[object Object]
649e40a870dfef200f7734cb,grupo_001,[object Object],"[object Object],[object Object]",[object Object]
649e40a970dfef200f7734cc,grupo_001,[object Object],"[object Object],[object Object]",[object Object]
649e40aa70dfef200f7734cd,grupo_001,[object Object],"[object Object],[object Object]",[object Object]
649e40ab70dfef200f7734ce,grupo_001,[object Object],"[object Object],[object Object]",[object Object]
649e40ac70dfef200f7734cf,grupo_001,[object Object],"[object Object],[object Object]",[object Object]
649e40ad70dfef200f7734d0,grupo_001,[object Object],"[object Object],[object Object]",[object Object]
649e40ae70dfef200f7734d1,grupo_001,[object Object],"[object Object],[object Object]",[object Object]
649e40af70dfef200f7734d2,grupo_001,[object Object],"[object Object],[object Object]",[object Object]
649e40b070dfef200f7734d3,grupo_001,[object Object],"[object Object],[object Object]",[object Object]
649e40b170dfef200f7734d4,grupo_001,[object Object],"[object Object],[object Object]",[object Object]
649e40b270dfef200f7734d5,grupo_001,[object Object],"[object Object],[object Object]",[object Object]
649e40b370dfef200f7734d6,grupo_001,[object Object],"[object Object],[object Object]",[object Object]
649e40b470dfef200f7734d7,grupo_001,[object Object],"[object Object],[object Object]",[object Object]
649e40b570dfef200f7734d8,grupo_001,[object Object],"[object Object],[object Object]",[object Object]
649e40b670dfef200f7734d9,grupo_001,[object Object],"[object Object],[object Object]",[object Object]
649e40b770dfef200f7734da,grupo_001,[object Object],"[object Object],[object Object]",[object Object]
649e40b870dfef200f7734db,grupo_001,[object Object],"[object Object],[object Object]",[object Object]
649e40b970dfef200f7734dc,grupo_001,[object Object],"[object Object],[object Object]",[object Object]
649e40ba70dfef200f7734dd,grupo_001,[object Object],"[object Object],[object Object]",[object Object]
649e40bb70dfef200f7734de,grupo_001,[object Object],"[object Object],[object Object]",[object Object]
649e40bc70dfef200f7734df,grupo_001,[object Object],"[object Object],[object Object]",[object Object]
649e40bd70dfef200f7734e0,grupo_001,[object Object],"[object Object],[object Object]",[object Object]
649e40be70dfef200f7734e1,grupo_001,[object Object],"[object Object],[object Object]",[object Object]
649e40bf70dfef200f7734e2,grupo_001,[object Object],"[object Object],[object Object]",[object Object]
649e40c070dfef200f7734e3,grupo_001,[object Object],"[object Object],[object Object]",[object Object]
649e40c170dfef200f7734e4,grupo_001,[object Object],"[object Object],[object Object]",[object Object]
649e40c270dfef200f7734e5,grupo_001,[object Object],"[object Object],[object Object]",[object Object]
649e40c370dfef200f7734e6,grupo_001,[object Object],"[object Object],[object Object]",[object Object]
649e40c470dfef200f7734e7,grupo_001,[object Object],"[object Object],[object Object]",[object Object]
649e40c570dfef200f7734e8,grupo_001,[object Object],"[object Object],[object Object]",[object Object]
649e40c670dfef200f7734e9,grupo_001,[object Object],"[object Object],[object Object]",[object Object]
649e40c770dfef200f7734ea,grupo_001,[object Object],"[object Object],[object Object]",[object Object]
649e40c870dfef200f7734eb,grupo_001,[object Object],"[object Object],[object Object]",[object Object]
649e40c970dfef200f7734ec,grupo_001,[object Object],"[object Object],[object Object]",[object Object]
649e40ca70dfef200f7734ed,grupo_001,[object Object],"[object Object],[object Object]",[object Object]
649e40cb70dfef200f7734ee,grupo_001,[object Object],"[object Object],[object Object]",[object Object]
649e40cc70dfef200f7734ef,grupo_001,[object Object],"[object Object],[object Object]",[object Object]
649e40cd70dfef200f7734f0,grupo_001,[object Object],"[object Object],[object Object]",[object Object]
649e40ce70dfef200f7734f1,grupo_001,[object Object],"[object Object],[object Object]",[object Object]
649e40cf70dfef200f7734f2,grupo_001,[object Object],"[object Object],[object Object]",[object Object]
649e40d070dfef200f7734f3,grupo_001,[object Object],"[object Object],[object Object]",[object Object]
649e40d170dfef200f7734f4,grupo_001,[object Object],"[object Object],[object Object]",[object Object]
649e40d270dfef200f7734f5,grupo_001,[object Object],"[object Object],[object Object]",[object Object]
649e40d370dfef200f7734f6,grupo_001,[object Object],"[object Object],[object Object]",[object Object]
649e40d470dfef200f7734f7,grupo_001,[object Object],"[object Object],[object Object]",[object Object]
649e40d570dfef200f7734f8,grupo_001,[object Object],"[object Object],[object Object]",[object Object]
649e40d670dfef200f7734f9,grupo_001,[object Object],"[object Object],[object Object]",[object Object]
649e40d770dfef200f7734fa,grupo_001,[object Object],"[object Object],[object Object]",[object Object]
649e40d870dfef200f7734fb,grupo_001,[object Object],"[object Object],[object Object]",[object Object]
649e40d970dfef200f7734fc,grupo_001,[object Object],"[object Object],[object Object]",[object Object]
649e40da70dfef200f7734fd,grupo_001,[object Object],"[object Object],[object Object]",[object Object]
649e40db70dfef200f7734fe,grupo_001,[object Object],"[object Object],[object Object]",[object Object]
649e40dc70dfef200f7734ff,grupo_001,[object Object],"[object Object],[object Object]",[object Object]
649e40dd70dfef200f773500,grupo_001,[object Object],"[object Object],[object Object]",[object Object]
649e40de70dfef200f773501,grupo_001,[object Object],"[object Object],[object Object]",[object Object]
649e40df70dfef200f773502,grupo_001,[object Object],"[object Object],[object Object]",[object Object]
649e40e070dfef200f773503,grupo_001,[object Object],"[object Object],[object Object]",[object Object]
649e40e170dfef200f773504,grupo_001,[object Object],"[object Object],[object Object]",[object Object]
649e40e270dfef200f773505,grupo_001,[object Object],"[object Object],[object Object]",[object Object]
649e40e370dfef200f773506,grupo_001,[object Object],"[object Object],[object Object]",[object Object]
649e40e470dfef200f773507,grupo_001,[object Object],"[object Object],[object Object]",[object Object]
649e40e570dfef200f773508,grupo_001,[object Object],"[object Object],[object Object]",[object Object]
649e40e670dfef200f773509,grupo_001,[object Object],"[object Object],[object Object]",[object Object]
649e40e770dfef200f77350a,grupo_001,[object Object],"[object Object],[object Object]",[object Object]
649e40e870dfef200f77350b,grupo_001,[object Object],"[object Object],[object Object]",[object Object]
649e40e970dfef200f77350c,grupo_001,[object Object],"[object Object],[object Object]",[object Object]
649e40ea70dfef200f77350d,grupo_001,[object Object],"[object Object],[object Object]",[object Object]
649e40eb70dfef200f77350e,grupo_001,[object Object],"[object Object],[object Object]",[object Object]
649e40ec70dfef200f77350f,grupo_001,[object Object],"[object Object],[object Object]",[object Object]
649e40ed70dfef200f773510,grupo_001,[object Object],"[object Object],[object Object]",[object Object]
649e40ee70dfef200f773511,grupo_001,[object Object],"[object Object],[object Object]",[object Object]
649e40ef70dfef200f773512,grupo_001,[object Object],"[object Object],[object Object]",[object Object]
649e40f070dfef200f773513,grupo_001,[object Object],"[object Object],[object Object]",[object Object]
649e40f170dfef200f773514,grupo_001,[object Object],"[object Object],[object Object]",[object Object]
649e40f270dfef200f773515,grupo_001,[object Object],"[object Object],[object Object]",[object Object]
649e40f370dfef200f773516,grupo_001,[object Object],"[object Object],[object Object]",[object Object]
649e40f470dfef200f773517,grupo_001,[object Object],"[object Object],[object Object]",[object Object]
649e40f570dfef200f773518,grupo_001,[object Object],"[object Object],[object Object]",[object Object]
649e40f670dfef200f773519,grupo_001,[object Object],"[object Object],[object Object]",[object Object]
649e40f770dfef200f77351a,grupo_001,[object Object],"[object Object],[object Object]",[object Object]
649e40f870dfef200f77351b,grupo_001,[object Object],"[object Object],[object Object]",[object Object]
649e410370dfef200f77351c,grupo_001,[object Object],"[object Object],[object Object]",[object Object]
649e410470dfef200f77351d,grupo_001,[object Object],"[object Object],[object Object]",[object Object]
649e410570dfef200f77351e,grupo_001,[object Object],"[object Object],[object Object]",[object Object]
649e410670dfef200f77351f,grupo_001,[object Object],"[object Object],[object Object]",[object Object]
649e410770dfef200f773520,grupo_001,[object Object],"[object Object],[object Object]",[object Object]
649e410870dfef200f773521,grupo_001,[object Object],"[object Object],[object Object]",[object Object]
649e410970dfef200f773522,grupo_001,[object Object],"[object Object],[object Object]",[object Object]
649e410a70dfef200f773523,grupo_001,[object Object],"[object Object],[object Object]",[object Object]
649e410b70dfef200f773524,grupo_001,[object Object],"[object Object],[object Object]",[object Object]
649e410c70dfef200f773525,grupo_001,[object Object],"[object Object],[object Object]",[object Object]
649e410d70dfef200f773526,grupo_001,[object Object],"[object Object],[object Object]",[object Object]
649e410e70dfef200f773527,grupo_001,[object Object],"[object Object],[object Object]",[object Object]
649e410f70dfef200f773528,grupo_001,[object Object],"[object Object],[object Object]",[object Object]
649e411070dfef200f773529,grupo_001,[object Object],"[object Object],[object Object]",[object Object]
649e411170dfef200f77352a,grupo_001,[object Object],"[object Object],[object Object]",[object Object]
649e411270dfef200f77352b,grupo_001,[object Object],"[object Object],[object Object]",[object Object]
649e411370dfef200f77352c,grupo_001,[object Object],"[object Object],[object Object]",[object Object]
649e411470dfef200f77352d,grupo_001,[object Object],"[object Object],[object Object]",[object Object]
649e411570dfef200f77352e,grupo_001,[object Object],"[object Object],[object Object]",[object Object]
649e411670dfef200f77352f,grupo_001,[object Object],"[object Object],[object Object]",[object Object]
649e411770dfef200f773530,grupo_001,[object Object],"[object Object],[object Object]",[object Object]
649e411870dfef200f773531,grupo_001,[object Object],"[object Object],[object Object]",[object Object]
649e411970dfef200f773532,grupo_001,[object Object],"[object Object],[object Object]",[object Object]
649e411a70dfef200f773533,grupo_001,[object Object],"[object Object],[object Object]",[object Object]
649e411b70dfef200f773534,grupo_001,[object Object],"[object Object],[object Object]",[object Object]
649e411c70dfef200f773535,grupo_001,[object Object],"[object Object],[object Object]",[object Object]
649e411d70dfef200f773536,grupo_001,[object Object],"[object Object],[object Object]",[object Object]
649e411e70dfef200f773537,grupo_001,[object Object],"[object Object],[object Object]",[object Object]
649e411f70dfef200f773538,grupo_001,[object Object],"[object Object],[object Object]",[object Object]
649e412070dfef200f773539,grupo_001,[object Object],"[object Object],[object Object]",[object Object]
649e412170dfef200f77353a,grupo_001,[object Object],"[object Object],[object Object]",[object Object]
649e412270dfef200f77353b,grupo_001,[object Object],"[object Object],[object Object]",[object Object]
649e412370dfef200f77353c,grupo_001,[object Object],"[object Object],[object Object]",[object Object]
649e412470dfef200f77353d,grupo_001,[object Object],"[object Object],[object Object]",[object Object]
649e412570dfef200f77353e,grupo_001,[object Object],"[object Object],[object Object]",[object Object]
649e412670dfef200f77353f,grupo_001,[object Object],"[object Object],[object Object]",[object Object]
649e412770dfef200f773540,grupo_001,[object Object],"[object Object],[object Object]",[object Object]
649e412870dfef200f773541,grupo_001,[object Object],"[object Object],[object Object]",[object Object]
649e412970dfef200f773542,grupo_001,[object Object],"[object Object],[object Object]",[object Object]
649e412a70dfef200f773543,grupo_001,[object Object],"[object Object],[object Object]",[object Object]
649e412b70dfef200f773544,grupo_001,[object Object],"[object Object],[object Object]",[object Object]
649e412c70dfef200f773545,grupo_001,[object Object],"[object Object],[object Object]",[object Object]
649e412d70dfef200f773546,grupo_001,[object Object],"[object Object],[object Object]",[object Object]
649e412e70dfef200f773547,grupo_001,[object Object],"[object Object],[object Object]",[object Object]
649e412f70dfef200f773548,grupo_001,[object Object],"[object Object],[object Object]",[object Object]
649e413070dfef200f773549,grupo_001,[object Object],"[object Object],[object Object]",[object Object]
649e413170dfef200f77354a,grupo_001,[object Object],"[object Object],[object Object]",[object Object]
649e413270dfef200f77354b,grupo_001,[object Object],"[object Object],[object Object]",[object Object]
649e413370dfef200f77354c,grupo_001,[object Object],"[object Object],[object Object]",[object Object]
649e413470dfef200f77354d,grupo_001,[object Object],"[object Object],[object Object]",[object Object]
649e413570dfef200f77354e,grupo_001,[object Object],"[object Object],[object Object]",[object Object]
649e413670dfef200f77354f,grupo_001,[object Object],"[object Object],[object Object]",[object Object]
649e413770dfef200f773550,grupo_001,[object Object],"[object Object],[object Object]",[object Object]
649e413870dfef200f773551,grupo_001,[object Object],"[object Object],[object Object]",[object Object]
649e413970dfef200f773552,grupo_001,[object Object],"[object Object],[object Object]",[object Object]
649e413a70dfef200f773553,grupo_001,[object Object],"[object Object],[object Object]",[object Object]
649e413b70dfef200f773554,grupo_001,[object Object],"[object Object],[object Object]",[object Object]
649e413c70dfef200f773555,grupo_001,[object Object],"[object Object],[object Object]",[object Object]
649e413d70dfef200f773556,grupo_001,[object Object],"[object Object],[object Object]",[object Object]
649e413e70dfef200f773557,grupo_001,[object Object],"[object Object],[object Object]",[object Object]
649e413f70dfef200f773558,grupo_001,[object Object],"[object Object],[object Object]",[object Object]
649e414070dfef200f773559,grupo_001,[object Object],"[object Object],[object Object]",[object Object]
649e414170dfef200f77355a,grupo_001,[object Object],"[object Object],[object Object]",[object Object]
649e414270dfef200f77355b,grupo_001,[object Object],"[object Object],[object Object]",[object Object]
649e414370dfef200f77355c,grupo_001,[object Object],"[object Object],[object Object]",[object Object]
649e414470dfef200f77355d,grupo_001,[object Object],"[object Object],[object Object]",[object Object]
649e414570dfef200f77355e,grupo_001,[object Object],"[object Object],[object Object]",[object Object]
649e414670dfef200f77355f,grupo_001,[object Object],"[object Object],[object Object]",[object Object]
649e414770dfef200f773560,grupo_001,[object Object],"[object Object],[object Object]",[object Object]
649e414870dfef200f773561,grupo_001,[object Object],"[object Object],[object Object]",[object Object]
649e414970dfef200f773562,grupo_001,[object Object],"[object Object],[object Object]",[object Object]
649e414a70dfef200f773563,grupo_001,[object Object],"[object Object],[object Object]",[object Object]
649e414b70dfef200f773564,grupo_001,[object Object],"[object Object],[object Object]",[object Object]
649e414c70dfef200f773565,grupo_001,[object Object],"[object Object],[object Object]",[object Object]
649e414d70dfef200f773566,grupo_001,[object Object],"[object Object],[object Object]",[object Object]
649e414e70dfef200f773567,grupo_001,[object Object],"[object Object],[object Object]",[object Object]
649e414f70dfef200f773568,grupo_001,[object Object],"[object Object],[object Object]",[object Object]
649e415070dfef200f773569,grupo_001,[object Object],"[object Object],[object Object]",[object Object]
649e415170dfef200f77356a,grupo_001,[object Object],"[object Object],[object Object]",[object Object]
649e415270dfef200f77356b,grupo_001,[object Object],"[object Object],[object Object]",[object Object]
649e415370dfef200f77356c,grupo_001,[object Object],"[object Object],[object Object]",[object Object]
649e415470dfef200f77356d,grupo_001,[object Object],"[object Object],[object Object]",[object Object]
649e415570dfef200f77356e,grupo_001,[object Object],"[object Object],[object Object]",[object Object]
649e415670dfef200f77356f,grupo_001,[object Object],"[object Object],[object Object]",[object Object]
649e415770dfef200f773570,grupo_001,[object Object],"[object Object],[object Object]",[object Object]
649e415870dfef200f773571,grupo_001,[object Object],"[object Object],[object Object]",[object Object]
649e415970dfef200f773572,grupo_001,[object Object],"[object Object],[object Object]",[object Object]
649e415a70dfef200f773573,grupo_001,[object Object],"[object Object],[object Object]",[object Object]
649e415b70dfef200f773574,grupo_001,[object Object],"[object Object],[object Object]",[object Object]
649e415c70dfef200f773575,grupo_001,[object Object],"[object Object],[object Object]",[object Object]
649e415d70dfef200f773576,grupo_001,[object Object],"[object Object],[object Object]",[object Object]
649e415e70dfef200f773577,grupo_001,[object Object],"[object Object],[object Object]",[object Object]
649e415f70dfef200f773578,grupo_001,[object Object],"[object Object],[object Object]",[object Object]
649e416070dfef200f773579,grupo_001,[object Object],"[object Object],[object Object]",[object Object]
649e416170dfef200f77357a,grupo_001,[object Object],"[object Object],[object Object]",[object Object]
649e416270dfef200f77357b,grupo_001,[object Object],"[object Object],[object Object]",[object Object]
649e416370dfef200f77357c,grupo_001,[object Object],"[object Object],[object Object]",[object Object]
649e416470dfef200f77357d,grupo_001,[object Object],"[object Object],[object Object]",[object Object]
649e416570dfef200f77357e,grupo_001,[object Object],"[object Object],[object Object]",[object Object]
649e416670dfef200f77357f,grupo_001,[object Object],"[object Object],[object Object]",[object Object]
649e416770dfef200f773580,grupo_001,[object Object],"[object Object],[object Object]",[object Object]
649e416870dfef200f773581,grupo_001,[object Object],"[object Object],[object Object]",[object Object]
649e416970dfef200f773582,grupo_001,[object Object],"[object Object],[object Object]",[object Object]
649e416a70dfef200f773583,grupo_001,[object Object],"[object Object],[object Object]",[object Object]
649e416b70dfef200f773584,grupo_001,[object Object],"[object Object],[object Object]",[object Object]
649e416c70dfef200f773585,grupo_001,[object Object],"[object Object],[object Object]",[object Object]
649e416d70dfef200f773586,grupo_001,[object Object],"[object Object],[object Object]",[object Object]
649e416e70dfef200f773587,grupo_001,[object Object],"[object Object],[object Object]",[object Object]
649e416f70dfef200f773588,grupo_001,[object Object],"[object Object],[object Object]",[object Object]
649e417070dfef200f773589,grupo_001,[object Object],"[object Object],[object Object]",[object Object]
649e417170dfef200f77358a,grupo_001,[object Object],"[object Object],[object Object]",[object Object]
649e417270dfef200f77358b,grupo_001,[object Object],"[object Object],[object Object]",[object Object]
649e417370dfef200f77358c,grupo_001,[object Object],"[object Object],[object Object]",[object Object]
649e417470dfef200f77358d,grupo_001,[object Object],"[object Object],[object Object]",[object Object]
649e417570dfef200f77358e,grupo_001,[object Object],"[object Object],[object Object]",[object Object]
649e417670dfef200f77358f,grupo_001,[object Object],"[object Object],[object Object]",[object Object]
649e417770dfef200f773590,grupo_001,[object Object],"[object Object],[object Object]",[object Object]
649e417870dfef200f773591,grupo_001,[object Object],"[object Object],[object Object]",[object Object]
649e417970dfef200f773592,grupo_001,[object Object],"[object Object],[object Object]",[object Object]
649e417b70dfef200f773593,grupo_001,[object Object],"[object Object],[object Object]",[object Object]
649e417b70dfef200f773594,grupo_001,[object Object],"[object Object],[object Object]",[object Object]
649e417c70dfef200f773595,grupo_001,[object Object],"[object Object],[object Object]",[object Object]
649e417d70dfef200f773596,grupo_001,[object Object],"[object Object],[object Object]",[object Object]
649e417e70dfef200f773597,grupo_001,[object Object],"[object Object],[object Object]",[object Object]
649e417f70dfef200f773598,grupo_001,[object Object],"[object Object],[object Object]",[object Object]
649e418070dfef200f773599,grupo_001,[object Object],"[object Object],[object Object]",[object Object]
649e418170dfef200f77359a,grupo_001,[object Object],"[object Object],[object Object]",[object Object]
649e418270dfef200f77359b,grupo_001,[object Object],"[object Object],[object Object]",[object Object]
649e418370dfef200f77359c,grupo_001,[object Object],"[object Object],[object Object]",[object Object]
649e418470dfef200f77359d,grupo_001,[object Object],"[object Object],[object Object]",[object Object]
649e418570dfef200f77359e,grupo_001,[object Object],"[object Object],[object Object]",[object Object]
649e418670dfef200f77359f,grupo_001,[object Object],"[object Object],[object Object]",[object Object]
649e418770dfef200f7735a0,grupo_001,[object Object],"[object Object],[object Object]",[object Object]
649e418870dfef200f7735a1,grupo_001,[object Object],"[object Object],[object Object]",[object Object]
649e418970dfef200f7735a2,grupo_001,[object Object],"[object Object],[object Object]",[object Object]
649e418a70dfef200f7735a3,grupo_001,[object Object],"[object Object],[object Object]",[object Object]
649e418b70dfef200f7735a4,grupo_001,[object Object],"[object Object],[object Object]",[object Object]
649e418c70dfef200f7735a5,grupo_001,[object Object],"[object Object],[object Object]",[object Object]
649e418d70dfef200f7735a6,grupo_001,[object Object],"[object Object],[object Object]",[object Object]
649e418e70dfef200f7735a7,grupo_001,[object Object],"[object Object],[object Object]",[object Object]
649e418f70dfef200f7735a8,grupo_001,[object Object],"[object Object],[object Object]",[object Object]
649e419070dfef200f7735a9,grupo_001,[object Object],"[object Object],[object Object]",[object Object]
649e419170dfef200f7735aa,grupo_001,[object Object],"[object Object],[object Object]",[object Object]
649e419270dfef200f7735ab,grupo_001,[object Object],"[object Object],[object Object]",[object Object]
649e419370dfef200f7735ac,grupo_001,[object Object],"[object Object],[object Object]",[object Object]
649e419470dfef200f7735ad,grupo_001,[object Object],"[object Object],[object Object]",[object Object]
649e419570dfef200f7735ae,grupo_001,[object Object],"[object Object],[object Object]",[object Object]
649e419670dfef200f7735af,grupo_001,[object Object],"[object Object],[object Object]",[object Object]
649e419770dfef200f7735b0,grupo_001,[object Object],"[object Object],[object Object]",[object Object]
649e419870dfef200f7735b1,grupo_001,[object Object],"[object Object],[object Object]",[object Object]
649e419970dfef200f7735b2,grupo_001,[object Object],"[object Object],[object Object]",[object Object]
649e419a70dfef200f7735b3,grupo_001,[object Object],"[object Object],[object Object]",[object Object]
649e419b70dfef200f7735b4,grupo_001,[object Object],"[object Object],[object Object]",[object Object]
649e419c70dfef200f7735b5,grupo_001,[object Object],"[object Object],[object Object]",[object Object]
649e419d70dfef200f7735b6,grupo_001,[object Object],"[object Object],[object Object]",[object Object]
649e419e70dfef200f7735b7,grupo_001,[object Object],"[object Object],[object Object]",[object Object]
649e419f70dfef200f7735b8,grupo_001,[object Object],"[object Object],[object Object]",[object Object]
649e41a070dfef200f7735b9,grupo_001,[object Object],"[object Object],[object Object]",[object Object]
649e41a170dfef200f7735ba,grupo_001,[object Object],"[object Object],[object Object]",[object Object]
649e41a270dfef200f7735bb,grupo_001,[object Object],"[object Object],[object Object]",[object Object]
649e41a370dfef200f7735bc,grupo_001,[object Object],"[object Object],[object Object]",[object Object]
649e41a470dfef200f7735bd,grupo_001,[object Object],"[object Object],[object Object]",[object Object]
649e41a570dfef200f7735be,grupo_001,[object Object],"[object Object],[object Object]",[object Object]
649e41a670dfef200f7735bf,grupo_001,[object Object],"[object Object],[object Object]",[object Object]
649e41a770dfef200f7735c0,grupo_001,[object Object],"[object Object],[object Object]",[object Object]
649e41a870dfef200f7735c1,grupo_001,[object Object],"[object Object],[object Object]",[object Object]
649e41a970dfef200f7735c2,grupo_001,[object Object],"[object Object],[object Object]",[object Object]
649e41aa70dfef200f7735c3,grupo_001,[object Object],"[object Object],[object Object]",[object Object]
649e41ab70dfef200f7735c4,grupo_001,[object Object],"[object Object],[object Object]",[object Object]
649e41ac70dfef200f7735c5,grupo_001,[object Object],"[object Object],[object Object]",[object Object]
649e41ad70dfef200f7735c6,grupo_001,[object Object],"[object Object],[object Object]",[object Object]
649e41ae70dfef200f7735c7,grupo_001,[object Object],"[object Object],[object Object]",[object Object]
649e41af70dfef200f7735c8,grupo_001,[object Object],"[object Object],[object Object]",[object Object]
649e41b070dfef200f7735c9,grupo_001,[object Object],"[object Object],[object Object]",[object Object]
649e41b170dfef200f7735ca,grupo_001,[object Object],"[object Object],[object Object]",[object Object]
649e41b270dfef200f7735cb,grupo_001,[object Object],"[object Object],[object Object]",[object Object]
649e41b370dfef200f7735cc,grupo_001,[object Object],"[object Object],[object Object]",[object Object]
649e41b470dfef200f7735cd,grupo_001,[object Object],"[object Object],[object Object]",[object Object]
649e41b570dfef200f7735ce,grupo_001,[object Object],"[object Object],[object Object]",[object Object]
649e41b670dfef200f7735cf,grupo_001,[object Object],"[object Object],[object Object]",[object Object]
649e41b770dfef200f7735d0,grupo_001,[object Object],"[object Object],[object Object]",[object Object]
649e41b870dfef200f7735d1,grupo_001,[object Object],"[object Object],[object Object]",[object Object]
649e41b970dfef200f7735d2,grupo_001,[object Object],"[object Object],[object Object]",[object Object]
649e41ba70dfef200f7735d3,grupo_001,[object Object],"[object Object],[object Object]",[object Object]
649e41bb70dfef200f7735d4,grupo_001,[object Object],"[object Object],[object Object]",[object Object]
649e41bc70dfef200f7735d5,grupo_001,[object Object],"[object Object],[object Object]",[object Object]
649e41bd70dfef200f7735d6,grupo_001,[object Object],"[object Object],[object Object]",[object Object]
649e41be70dfef200f7735d7,grupo_001,[object Object],"[object Object],[object Object]",[object Object]
649e41bf70dfef200f7735d8,grupo_001,[object Object],"[object Object],[object Object]",[object Object]
649e41c070dfef200f7735d9,grupo_001,[object Object],"[object Object],[object Object]",[object Object]
649e41c170dfef200f7735da,grupo_001,[object Object],"[object Object],[object Object]",[object Object]
649e41c270dfef200f7735db,grupo_001,[object Object],"[object Object],[object Object]",[object Object]
649e41c370dfef200f7735dc,grupo_001,[object Object],"[object Object],[object Object]",[object Object]
649e41c470dfef200f7735dd,grupo_001,[object Object],"[object Object],[object Object]",[object Object]
649e41c570dfef200f7735de,grupo_001,[object Object],"[object Object],[object Object]",[object Object]
649e41c670dfef200f7735df,grupo_001,[object Object],"[object Object],[object Object]",[object Object]
649e41c770dfef200f7735e0,grupo_001,[object Object],"[object Object],[object Object]",[object Object]
649e41c870dfef200f7735e1,grupo_001,[object Object],"[object Object],[object Object]",[object Object]
649e41c970dfef200f7735e2,grupo_001,[object Object],"[object Object],[object Object]",[object Object]
649e41ca70dfef200f7735e3,grupo_001,[object Object],"[object Object],[object Object]",[object Object]
649e41cb70dfef200f7735e4,grupo_001,[object Object],"[object Object],[object Object]",[object Object]
649e41cc70dfef200f7735e5,grupo_001,[object Object],"[object Object],[object Object]",[object Object]
649e41cd70dfef200f7735e6,grupo_001,[object Object],"[object Object],[object Object]",[object Object]
649e41cf70dfef200f7735e7,grupo_001,[object Object],"[object Object],[object Object]",[object Object]
649e41cf70dfef200f7735e8,grupo_001,[object Object],"[object Object],[object Object]",[object Object]
649e41d070dfef200f7735e9,grupo_001,[object Object],"[object Object],[object Object]",[object Object]
649e41d170dfef200f7735ea,grupo_001,[object Object],"[object Object],[object Object]",[object Object]
649e41d270dfef200f7735eb,grupo_001,[object Object],"[object Object],[object Object]",[object Object]
649e41d370dfef200f7735ec,grupo_001,[object Object],"[object Object],[object Object]",[object Object]